Address,manually labeled proxy(yes/no),detection(yes/no)
0x9da47a2b34f9707bc931fa31f0003a149f4aa92e,yes,yes
0x14a4123da9ad21b2215dc0ab6984ec1e89842c6d,yes,yes
0x85ac27e4124863492db18eafbb358102cad8fc96,yes,yes
0x45d0bdfdfbfd62e14b64b0ea67dc6eac75f95d4d,yes,yes
0xf83c9b3c590eab6b5acf0324b68e627a8b18d46b,yes,yes
0x0000000000085d4780b73119b644ae5ecd22b376,yes,yes
0x02a492c34319b52abb009a4c45ccee159dbde6cb,yes,yes
0x2b67d1a87a8d8b280a23e97bc55095215ee0ec53,yes,yes
0x4b4a7aa3d100676deed616e51a562e77e56b224a,yes,yes
0x6de037ef9ad2725eb40118bb1702ebb27e4aeb24,yes,yes
0x8bae55c9805c4c9b9e3367bdd6ceb4b09114b645,yes,yes
0x17b09b22823f00bb9b8ee2d4632e332cadc29458,yes,no
0x395f47e890cd81307c5fa8814771b93100283daa,yes,yes
0x578fa4ab3b27a94fe97bd52167f1b02da20d31e8,yes,yes
0x1410d4ec3d276c0ebbf16ccbe88a4383ae734ed0,yes,yes
0x8644b70d1e40e954d8397e79a210624cbc22e1fe,yes,yes
0x8853b05833029e3cf8d3cbb592f9784fa43d2a79,yes,yes
0x306496f5af58b04fc93985059c894ec549e2f6b8,yes,yes
0x21683397aa53aaf7baca416c27f2c1e0e84bb493,yes,yes
0x92489789778d69eff4a53b6d649f0a51e02e6291,yes,yes
0xa0b86991c6218b36c1d19d4a2e9eb0ce3606eb48,yes,yes
0xa3db33ccfe990fdf89ff311754391b5c3af4ef04,yes,yes
0xa4a689c90d5042202570cf85e730a5cb9ead77a2,yes,yes
0xabe63a04acb55f8c2ea3509ce10775623bd98f3b,yes,yes
0xbe729d06dd2d7b2e953b40e234c62bd5f0204a12,yes,yes
0xc229c69eb3bb51828d0caa3509a05a51083898dd,yes,yes
0xdc524e3c6910257744c1f93cf15e9f472b5bd236,yes,yes
0xfb918ca8543aefcb1754a656d3985b4fc4036860,yes,yes
0x25200235ca7113c2541e70de737c41f5e9acd1f6,yes,yes
0x7de7f004f60b613840a34121e4300f4ab3b5f8f2,yes,yes
0x0557e0d15aec0b9026dd17aa874fdf7d182a2ceb,yes,yes
0x0ee460204887d98c297bb431e40b713f63ba78e0,yes,yes
0x1c17f00f787b11689c35a74cc043614ca218ff9b,yes,yes
0x1c63d19a2d626e91dc67d93037e5716182bed6cd,yes,yes
0x2ab85aa4ac637a770b2fc8daceeb3a6338125f10,yes,yes
0x2e0bee0014c119bc83166fc2c728c3450da7acd5,yes,yes
0x2f84d6394ee8d46df279d1798345884a3a04bd09,yes,yes
0x2ff3757922298a53767a5c9014a876a0847052cf,yes,yes
0x04ad0165cf92f7a0f99676e9a566e7c70e3f9b85,yes,yes
0x4b0f027d0b694aae2761ed2d426295d4f949f5d0,yes,yes
0x4deca517d6817b6510798b7328f2314d3003abac,yes,yes
0x4d7968ebfd390d5e7926cb3587c39eff2f9fb225,yes,yes
0x4d417489510d749335b17687f510585d9a265ddb,yes,yes
0x4f9c3332d352f1ef22f010ba93a9653261e1634b,yes,yes
0x4febc44f05f6ce0dae0ba90c0c700ed18178063b,yes,yes
0x5f7e846319c0e297b0ae78b5087189b360d02e4b,yes,yes
0x5fe532f57cebd4528f04efca0f83c3fb5dee4eed,yes,yes
0x6e7a1f7339bbb62b23d44797b63e4258d283e095,yes,yes
0x7a85868b022de89accb90d5616b79d2b10c77bbb,yes,yes
0x7aab4ee6f6012b64e68eb732572bac1a6940ad95,yes,yes
0x07cc353876ae94a361bbefbfde6a6ae4821a8cd3,yes,yes
0x7e2064179ac705a6d0ddc693e1522b221556366b,yes,yes
0x9efb0f4f38afbb4b0984d00c126e97e21b8417c5,yes,yes
0x18aaa7115705e8be94bffebde57af9bfc265b998,yes,yes
0x33c9a1239f29fa9d82d8beddf0f421fad6295d5c,yes,yes
0x48b37920968500cf515c1bf6a5e83c7887712bf3,yes,yes
0x51addb8f258b8402fb83064bae5301e05e67b0a1,yes,yes
0x51c9a18c87c89a34e1f3fe020b8f406f1300e909,yes,yes
0x064c7b5f496f4b72d728aabdda1af2c81b3beacb,yes,yes
0x77dc8c820a3d0804e2a5bb41ec073da2ec4206ef,yes,yes
0x86e117bcd5deb54b79476f24cb474ba5cfd7559c,yes,yes
0x88ee07602398b40b6c6522b1edad1cab1b8374f9,yes,yes
0x171d39e1c5b8c831468b43800e16406d4e9ec847,yes,yes
0x351caa9045d65107b9d311d922d15887cfd634e4,yes,yes
0x382a1667c9062f0621362f49076ef6e4fe4c9ec7,yes,yes
0x410e731c2970dce3add351064acf5ce9e33fdbf0,yes,yes
0x0496d94ef879de321cb968be9f356c51fad024e0,yes,yes
0x719d8b63601bbd50cb0394f39c1079641e61b7d1,yes,yes
0x826d758af2fed387ac15843327e143b2cafe9047,yes,yes
0x926e0e6baae4edf77b85bd6035098c75d2ba2899,yes,yes
0x944d99389857f3469857374dd658c93bdff31571,yes,yes
0x8194a6b2be830483b3528ac315946be81b6cfbdb,yes,yes
0x8547bf4d1d6043209b0eea09ba2f50df003b1ccb,yes,yes
0x13104a598095b0446d535486a15b9b8c9df0d8c4,yes,yes
0x23870fdf149068c0b11704ebc586cfc15b1524a1,yes,yes
0x41711b6ad1e44dc3648c068e1d61d16f79d3815b,yes,yes
0x44617f9dced9787c3b06a05b35b4c779a2aa1334,yes,yes
0x96267a9781522498fd4c280b791bd135780693a1,yes,yes
0x620264b99d786821faf9a3c38072fcdec88e568f,yes,yes
0x788580cc29e1f5f9298b84c73dbd325efc2ec609,yes,yes
0x996652b6c5c4b1154b25515db21b7bbadd40ddfa,yes,yes
0x4082413a6d824ddfb02ac2436041d2a210ea75f7,yes,yes
0x6595618c9a67791226b1bb45e567d66a7a1168b5,yes,yes
0x30634241d3a7fbcea55f0ba7df42dfd8cdd8b2cd,yes,yes
0xa4e9fdb8be41b6e59bdfcdc4ad918aa3943c3dd0,yes,yes
0xa0965fb78d355b8695149af688466f55c40e684d,yes,yes
0xac7e5e3b589d55a43d62b90c6b4c4ef28ea35573,yes,yes
0xad4649a917a0e928d00c3028db63acb07960d25b,yes,yes
0xaeb7f706e8c8da6aa10bf2b430193deea989f014,yes,yes
0xbd668ec47e10d3bf23b1d68139e545162a0dfcfa,yes,yes
0xc1b9eb46c3812b11b98ddacd80736329f3bc4747,yes,yes
0xc5cacb708425961594b63ec171f4df27a9c0d8c9,yes,yes
0xc743a0673a8308193a8795fef030dd540be18f69,yes,yes
0xcf520e3d57e7efabda0885978461d88e846674dd,yes,yes
0xd17a9bc90c582249e211a4f4b16721e7f65156c8,yes,yes
0xd4dc14409ac0beb743597be70f062eacfebc8bc4,yes,yes
0xd43d38254e22487744bce554baca9aa35dfeb9cc,yes,yes
0xd44fd0423e2b9b261dc81c959afe1e67cadde510,yes,yes
0xd77e6bdb5f61bf6d6abb1e8545bcb8ccb2414550,yes,yes
0xd976d3b4f4e22a238c1a736b6612d22f17b6f64c,yes,yes
0xdda27401e061ef71d17e578034fe54b0c50aa0f9,yes,yes
0xe6d97b2099f142513be7a2a068be040656ae4591,yes,yes
0xe9cc6c4abb8329df3c47edd6784fed2411dce1ed,yes,yes
0xe46bfc3cc81b4032b9aded6a3cef4dfe4ae51b31,yes,yes
0xe47ffbddb8114f0d169cd46b973674f67fbaaf05,yes,yes
0xe892c56c86e3ae682b0aa644cbe87f2aca3bd907,yes,yes
0xeaee3a142ac4e0494bfb60d493b804ca9a739339,yes,yes
0xecbf566944250dde88322581024e611419715f7a,yes,yes
0xf9b0871d3a8dc365f6231653f7d879c9578ed039,yes,yes
0xf83a1748422811b18db69533b0485c9c744b765e,yes,yes
0xf613f773f09eff9b6c5d82a0660176786025aa4c,yes,yes
0xfe4669f8788ea27976b401d5d3e252cf4d6f8d95,yes,yes
0x0a625fcec657053fe2d9fffdeb1dbb4e412cf8a8,yes,yes
0x2a9bdcff37ab68b95a53435adfd8892e86084f93,yes,yes
0x6df5cb08d3f0193c768c8a01f42ac4424dc5086b,yes,yes
0x6ee76882400f67584b1610276bc7ee28940112f3,yes,yes
0x8e46456bdc6d55e37b231e4c84aefb12fad12239,yes,yes
0x32e4c68b3a4a813b710595aeba7f6b7604ab9c15,yes,yes
0xcf04119ec2657f92cc07d62c21d820332f07b900,yes,yes
0xd8ee69652e4e4838f2531732a46d1f7f584f0b7f,yes,yes
0xef854fb73815517b06acbb2889a97aedae6bdc72,yes,yes
0x0acf809f5329835335931fa9631f8b7861d3d65c,yes,yes
0x0e41afb50ef97aa02598ebdce4f884c47a22954e,yes,yes
0x1b72255a11df705bb598e670830e03a19f2d242f,yes,yes
0x3cd76b8c1dbaf47051ccb793772ac5f096108869,yes,yes
0x3e0c8881ccb875b5257d800be6ed33e06f500773,yes,yes
0x4d6cfdad8a73745612f5dd85125f06090e87b68c,yes,yes
0x4ea313337eda2b7ae8d86709a7046512dfc4d186,yes,yes
0x7a9f4a92781fb24de8fd162460d443d9c4b8c7c2,yes,yes
0x007d7f360ae0ec72115d3149852e25aea7f7500e,yes,yes
0x8e45ba65b67674d359eb87364981fa50579a0606,yes,yes
0x14b52f6bb94fdaf97788533764ec4d6432f20bec,yes,yes
0x49d2a0c0e1d4fceb22434b2cb6436f315f5beb3e,yes,yes
0x65ca2a9f12db2cb6cf37eed4470fa5f2690241de,yes,yes
0x75bd567130347e150325d370ad886f603ab582a6,yes,yes
0x75f36ea36d3f37d3bafe3bdb52a2de4fda7806de,yes,yes
0x78bc5225777ef86b51e437b2f9f8278cf20ebdee,yes,yes
0x81af92af5ac442a0cb1927bab7cf0a880b9d34db,yes,yes
0x89b748bcddb34e9aa90e743b24eff7c9c1240dd6,yes,yes
0x208c6821b80130e1924969cf47e81838652763d5,yes,yes
0x559b1137d4d3ae6c3b0e657ec065b5db1b6051a3,yes,yes
0x603ec42623d899f3e34af949cb0b926627f0cdfa,yes,yes
0x681bbd0f8fe641441a6f4fb57a8785036b833b6d,yes,yes
0x933bcc3b0d1eea2a485424ec6573b29742cddf72,yes,yes
0x02706fda07c272929655ffa811920aba270a1444,yes,yes
0x7058ee5467edef417746aab0b8cabbbe36ef1798,yes,yes
0x9792ee4c36a622a8cf9566b037c57519a9fe8a56,yes,yes
0x57090d9d1650b91976d1d3f9c2bceb411b64e360,yes,yes
0x661449dee9e8c576a458ef6eef549ff8af6f2731,yes,yes
0x77164825d2867cfd1de17febc970877f9368fed7,yes,yes
0x00832130896b1992f6be24a4130e5e1e56d29d65,yes,yes
0xa0cef694c7d1cc1958638e579439ec64cd15ce15,yes,yes
0xa9ce26a7f2a206d165c0aff83bbcdf81fd4b489e,yes,yes
0xa60cb5af1b7b529d42dcdd114c6ae5300250b1db,yes,yes
0xa64cf4fc6003f34de14e19abdde85830a3266ee6,yes,yes
0xcc572773f1b14580f654e3d6a6759d7a5e8147d3,yes,yes
0xc9f24fdcb53b5aaec60da153c4c83f18f42da031,yes,yes
0xc6eca979b0d17c348055733bb84e94f5c655cd52,yes,yes
0xbdc6b0a1bd003eb9b6c72f5103e96466faa16739,yes,yes
0xaf6419a2c9997d7e6fed001695822d5c1101b08d,yes,yes
0xae8dc65a012970345ecb5ff05479b2f3014d2090,yes,yes
0xaa03f14f557b5310f616fae406b055399f982f28,yes,yes
0xd475b83c3af988e03207cd43997566686a812d7e,yes,yes
0xd714d91a169127e11d8fab3665d72e8b7ef9dbe2,yes,yes
0xd7800a3c48edd22f71e9a96926f627e41dd57dd8,yes,yes
0xda3a932599abf754a9045a2c0013d323f1e1038a,yes,yes
0xdf7d362d1e3e5db29c0b0a1ae75064523c2b2d9f,yes,yes
0xe373290c4724ad49a8119ea959dcd9f434b245b1,yes,yes
0xe24bef4101317acb870c3ef3d4a1e739fdcf6232,yes,yes
0xec981587604e4f87be73b2c159272d5e39d9dfd5,yes,yes
0xf644f1341eb9bfa37003b2be2db39e2386b66053,yes,yes
0xf5652c49150560d1e60385aef4ff3380fdfb25c8,yes,yes
0xff5f5404e183c486ffe11217f8054456ad6f9be7,yes,yes
0x0a4f4e92c3334821ebb523324d09e321a6b0d8ec,yes,yes
0x0bfec35a1a3550deed3f6fc76dde7fc412729a91,yes,yes
0x01bc34a296013cbda3faf3b7328f3675d08f04c2,yes,yes
0x1c1fd689103bbfd701b3b7d41a3807f12814033d,yes,yes
0x1d45a6454484f2fd2c01fd803b9fa65f85a31afe,yes,yes
0x2a3bff78b79a009976eea096a51a948a3dc00e34,yes,yes
0x2b5455aac8d64c14786c3a29858e43b5945819c0,yes,yes
0x2bb864cdb4856ab2d148c5ca52dd7ccec126d138,yes,yes
0x3a75b1772a67bf227312383071829853d29c7925,yes,yes
0x3b3ee1931dc30c1957379fac9aba94d1c48a5405,yes,yes
0x3b823864cd0cbad8a1f2b65d4807906775becaa7,yes,yes
0x03f34be1bf910116595db1b11e9d1b2ca5d59659,yes,yes
0x4a84446df3bf431f397a7dc9e6306636c1216554,yes,yes
0x4b92d19c11435614cd49af1b589001b7c08cd4d5,yes,yes
0x4b1844168ab674c97474c6ef4ae47cad7b1c481d,yes,yes
0x4ea2684b087e0b8cb0bfa5d4792b266b17b43f9c,yes,yes
0x4f3e7a4566320b2709fd1986f2e9f84053d3e2a0,yes,yes
0x4fe836b28adc7867290764885b24d3992daee819,yes,yes
0x5db74532743006b82b3515115ca46f506534bc27,yes,yes
0x5dce29e92b1b939f8e8c60dcf15bde82a85be4a9,yes,yes
0x5e7a939f77e5c441e2ba1dc8be5d42020193376d,yes,yes
0x05ec4356e1acd89cc2d16adc7415c8c95e736ac1,yes,yes
0x6a844e11364757535411760c319f352b7cf8e1e0,yes,yes
0x6b33f15360cedbfb8f60539ec828ef52910aca9b,yes,yes
0x6d9cc14a1d36e6ff13fc6efa9e9326fcd12e7903,yes,yes
0x7dd08c5a4ce91cf862223330dd373e36fe94189b,yes,yes
0x7f3edcdd180dbe4819bd98fee8929b5cedb3adeb,yes,yes
0x8a8ffec8f4a0c8c9585da95d9d97e8cd6de273de,yes,yes
0x8c76970747afd5398e958bdfada4cf0b9fca16c4,yes,yes
0x9b4efa18c0c6b4822225b81d150f3518160f8609,yes,yes
0x19a0420b98f9a34b2b9db3bcba35a6fffebb7add,yes,yes
0x19cd3998f106ecc40ee7668c19c47e18b491e8a6,yes,yes
0x28e07714500bc44f3f324e4cfcffb0e9358ec41c,yes,yes
0x53c8e199eb2cb7c01543c137078a038937a68e40,yes,yes
0x55d9163c77b42a2fa80f912eaef3effab8b9a2f2,yes,yes
0x62cc514824b080707ffc0b0f64f992f38b974f9d,yes,yes
0x077eef823c94c680f3cc376db9cebcf610142bf6,yes,yes
0x86d832cb87e2a586c6ae855b9a4af22de1d5bae3,yes,yes
0x92fd572889af5d0ec0df7fb4c8ce4b95edc50aad,yes,yes
0x343a1cae36b1ca047b24fc2780869dc2c1b84137,yes,yes
0x375ad9a4415d2ec6467000836e3086f53159f2cc,yes,yes
0x375c48a3a3685d7e28eb45e612da6dd51c7e38e0,yes,yes
0x522bb024c339a12be1a47229546f288c40b62d29,yes,yes
0x692f4fc86cbac6d6b9cca4039405317445a4f98c,yes,yes
0x717bcd3a04ccf7656368d3bab07bc678b4de1b52,yes,yes
0x768be5c3ec558c16b10bd35d4b3e3800b7032ea2,yes,yes
0x844be1f096894d3bfc44640dc2875ca3c7f20827,yes,yes
0x866f10e305f01d829dea993bac71ffc5a76efa06,yes,yes
0x6582a5b139fc1c6360846efdc4440d51aad4df7b,yes,yes
0x6615e67b8b6b6375d38a0a3f937cd8c1a1e96386,yes,yes
0x6778cd0602afba246cd54c1e3c6d8e136bb31211,yes,yes
0x8646d53a8fe7bb05dc5fcf76c5dd8d2a138e195d,yes,yes
0x8751d4196027d4e6da63716fa7786b5174f04c15,yes,yes
0x8879d700aedd31c4f69bb9860bab7991403c09d8,yes,yes
0x55912d0cf83b75c492e761932abc4db4a5cb1b17,yes,yes
0x155482d1e2cb0909333326504f0ea4350760c927,yes,yes
0x353200ed9f63fa7804816b336d50e9f0d7c88d2c,yes,yes
0xb9a6ff1072110cdee95d9368e9e71fcb128bdd53,yes,yes
0xb97a89c5ac5bf4186a705d67b87711b3bf458e1f,yes,yes
0xbc16bcb59fa93aa0825ab2618d93e9449eb44246,yes,yes
0xbcd8ba681881650c1a10471227892ed223ffb276,yes,yes
0xbde7bd6a4da5c972532ad8a973deb67d36be8d35,yes,yes
0xbe08ef12e4a553666291e9ffc24fccfd354f2dd2,yes,yes
0xc2e9678a71e50e5aed036e00e9c5caeb1ac5987d,yes,yes
0xc014c026d92c03cd3a8fdee6f2cafdc9254f5c9f,yes,yes
0xca4b98ca964713287a36224364dbed15c9b7abc3,yes,yes
0xca8d787f741e6dc35dd2e4b7f8002c638464fc7f,yes,yes
0xcaed73bcdd45d2469b1287a7c21d7a31b2bb7b35,yes,yes
0xcd6f280e766b5017a270bc657526bbefc1239c9f,yes,yes
0xf1ded284e891943b3e9c657d7fc376b86164ffc2,yes,yes
0xf349c0faa80fc1870306ac093f75934078e28991,yes,yes
0xf4146a176b09c664978e03d28d07db4431525dad,yes,yes
0xf9512aaa68ee8ea73c2244e9f75202ff022d0ef1,yes,yes
0xf188370a51e0713457c8b72c114bc522be348682,yes,yes
0xfa9b7e3bd77f5aef4e305cacc2847f83e68bd7e6,yes,yes
0xfbddadd80fe7bda00b901fbaf73803f2238ae655,yes,yes
0xcda72070e455bb31c7690a170224ce43623d0b6f,yes,yes
0xce7508ec8638c85dd0173164fec47fa705d0e57e,yes,yes
0xcf6e61fe1cb37e83cb590eaee57d660089748077,yes,yes
0xd71ac3c4484da01c6a577506e6c85f310a8867a4,yes,yes
0xdbda6fa60c48a7da8e0c7ae25a20fd089c0f6a1f,yes,yes
0xe1e546e25a5ed890dff8b8d005537c0d373497f8,yes,yes
0xe1406825186d63980fd6e2ec61888f7b91c4bae4,yes,yes
0xfccba70c8c9ae907fbabfd52d7c3db5b938fd4d8,yes,yes
0xff26f400e57bf726822eacbb64fa1c52f1f27988,yes,yes
0x2d641867411650cd05db93b59964536b1ed5b1b7,yes,yes
0x9923263fa127b3d1484cfd649df8f1831c2a74e4,yes,yes
0xdb2382413bcb9c2f1b6b62b52238558266361d68,yes,yes
0xd092f354f7170984d406c15e091f56853d0e29bf,yes,yes
0x86c85a9bf5deafded40d9c70517883d95f50df03,yes,yes
0x56746a8099a7e6d962802a23e01feddc1282cdae,yes,yes
0xbe0e1ffecf8621191096f76d12439595234f8b38,yes,yes
0xfd9c2b86f71c1484bc51f97bd9e323cb2cd475c9,yes,yes
0x3a6a6c89be2db6e8e938156cb42c41551a53bec5,yes,yes
0x4cffc147f4e5d6227d3adba93bba7d8bba124ba5,yes,yes
0x73fddfb941c11d16c827169bb94acc227841c396,yes,yes
0x464c71f6c2f760dda6093dcb91c24c39e5d6e18c,yes,yes
0x5191d56fd4568379932bbf2321ba978072fac24e,yes,yes
0xfb87c9e3874870e339b6538a89ab03569aeb8be7,yes,yes
0xbe7e6a7cd3bebc1776e64e988bd1518aa3ad29a4,yes,yes
0x0a62cc5ebfa79b155b4ec90e74c00e0176692772,yes,yes
0x0c41a8613fbefcc8d6e5df1020dbb336f875247f,yes,yes
0x1c0b9c1995ea61f8fb505e4d94aa32b0c024899e,yes,yes
0x2c9e7a3009f4a1c289a3608067d6f13a39e362d6,yes,yes
0x2dcf322d66cb77a05f66fdff93e3678df7e44dea,yes,yes
0x3d8b8d4ad81acf56e44ddee068930d8860b4ef71,yes,yes
0x4d77686ec56b2704707306bad1078297bbf6fbc8,yes,yes
0x5cd06410e6e9469520cfde70e1b7f5aa1bc46eb7,yes,yes
0x5f5cd91070960d13ee549c9cc47e7a4cd00457bb,yes,yes
0x7c175a3fd4d2f14e40ac418a1e004dfc8edd3ba8,yes,yes
0x7fa7df4996ac59f398476892cfb195ed38543520,yes,yes
0x7fc3ec3574d408f3b59cd88709bacb42575ebf2b,yes,yes
0x8dae6cb04688c62d939ed9b68d32bc62e49970b1,yes,yes
0x8db1d28ee0d822367af8d220c0dc7cb6fe9dc442,yes,yes
0x26b8efa69603537ac8ab55768b6740b67664d518,yes,yes
0x37e9971f30c1354f3391c415dbd642e2b27c7c6f,yes,yes
0x53aa48b2ac0071a6ce61ddb3ba4e41d395b2db51,yes,yes
0x55bf8304c78ba6fe47fd251f37d7beb485f86d26,yes,yes
0x74f0ef73242c32375dda80e8c45af1d463916d1a,yes,yes
0x79f78e3c06be03cb6c459eadfd8ab9f080e0c40b,yes,yes
0x91df0ffc1b95113ba1f41ca0669fccaec0f55876,yes,yes
0x187e8e5c70457c756a5779aeb2227ef098bca776,yes,yes
0x247b6b13ad67d9c795a25c1d9a6c3857166e4b1a,yes,yes
0x253f7b06c1d60c1fbbc9d82c301327eb86e3ba81,yes,yes
0x555ddd7c3999010cff0ae3671d31cb376fa638f0,yes,yes
0x567c268a3af060088e53f6487872eb7d31dffa4f,yes,yes
0x599d92b453c010b1050d31c364f6ee17e819f193,yes,yes
0x736b93accd72d87d0dca59fc381f0196ebba0d9b,yes,yes
0x1337def1670c54b2a70e590b5654c2b7ce1141a2,yes,yes
0x6352a56caadc4f1e25cd6c75970fa768a3304e64,yes,yes
0x6511d8686eb43eac9d4852458435c1bec4d67bc6,yes,yes
0x46262af08d6b795efb08b4a6e486208f889e0c60,yes,yes
0x71535ad4c7c5925382cdeadc806371cc89a5085d,yes,yes
0x946969e5347cf4f7a251829b12b7ecae911db4a1,yes,yes
0x1348376f7731ba1f538fc59e3dd391a14815d01c,yes,yes
0x5593143eae5000983bb015b2e0ac35c125b3376c,yes,yes
0xa01b656e49efbb8210d882a1f1a4d10f5cada8cc,yes,yes
0xa8acec8cb32e6dc14fc4dbc4d218f4cea5b90fe0,yes,yes
0xaaad6414d2008e0fba776dd7db89f041d164f1c4,yes,yes
0xaeeac2e7a0e2b927b74e9080acadb936437088dd,yes,yes
0xb09c0a4469b862c51391d85c5a4f64db41a3c7d3,yes,yes
0xb08fe5debb2838d9f4a91132c3a87678007da9a3,yes,yes
0xb9fb8a22908c570c09a4dbf5f89b87f9d91fbf4a,yes,yes
0xba5ebaf3fc1fcca67147050bf80462393814e54b,yes,yes
0xcd55262c3ea354a58661597f71037d5fa26b72bd,yes,yes
0xd5df2a8b6dcc3e4730703a9c1d65c4cf8d591337,yes,yes
0xd85ac522a67666bdc625d91051bd7aa6a1d91ebe,yes,yes
0xd409c506742b7f76f164909025ab29a47e06d30a,yes,yes
0xd897b5458afe7e2dc26d94ec33cf7d09a9158568,yes,yes
0xd784927ff2f95ba542bfc824c8a8a98f3495f6b5,yes,yes
0xd42e3efdd5714fdddf93c48e992314d09b91d298,yes,yes
0xe6f7261b13ea6afb39a5dc98ff1a652761bb42ae,yes,yes
0xed6ff6254e5b0c57de2389a19c1a09cad16fe318,yes,yes
0xea8567d84e3e54b32176418b4e0c736b56378961,yes,yes
0xfb03559227dd73e82008a6952eccbba5088c16d8,yes,yes
0x0baba1ad5be3a5c0a66e7ac838a129bf948f1ea4,yes,yes
0x0cb9dab71dd14951d580904825e7f0985b29d375,yes,yes
0x5d584344246c59231be750865cccab27309e1bfd,yes,yes
0x95a28a02ffb969e48b78554777f223445661fb9f,yes,yes
0x6325d247696d39ee59ffd931a87e022a68bbbe4f,yes,yes
0x8551fe601a77b80572d69278ef0cf046356093da,yes,yes
0x3451692a426899f363fe43193aa2f30fad068296,yes,yes
0xae9564269b75f67510bf20a512632869e3d42217,yes,yes
0xb0b3e52e432b80d3a37e15ab6bbf4673225e160f,yes,yes
0xfbced1b6baf244c20ae896baac1d74d88c6e0cd5,yes,yes
0xdff92dcc99150df99d54bc3291bd7e5522bb1edd,yes,yes
0xc8f1999009f6cb7d712a25ca219e0ff2a9ea0290,yes,yes
0xb8434f35f15808d45b8285cd4d59cd94894d385d,yes,yes
0x9a6e7ddff15bbba5e2b464677bd1dd06512e7e00,yes,yes
0x2f5fa2759d7a428435530dc497d01621e1aee9f6,yes,yes
0x0fd10b9899882a6f2fcb5c371e17e70fdee00c38,yes,yes
0x4a33e0123e59a5874955b469ab2c0b626bbf3670,yes,yes
0x4f8e0c546e0d0188e0d8107a4709482b4796a100,yes,yes
0x5b56d9679532024513e938feba7851d1b3f6070e,yes,yes
0x0062bb52986ebeae585898e63667d9d760ff75a0,yes,yes
0x78a7f7929219c88b8e8265ae606981d8a3056ad6,yes,yes
0x93bf14c7cf7250b09d78d4eadfd79fca01bad9f8,yes,yes
0x239a883df042b1480e9230082697c67c1afaa46d,yes,yes
0x0966a53f2533eaf01d0bb2fa0e2274f3002287f1,yes,yes
0x05658a207a56aa2d6b2821883d373f59ac6a2fc3,yes,yes
0x43873edf7de0162bf985b3e6c6d0bbdd63682768,yes,yes
0x85543da0db5cf305f0522f0be2edaa105c72b0cf,yes,yes
0x91410a819cc37d80b1a6d5459e260b52362d8625,yes,yes
0x742133180738679782538c9e66a03d0c0270ace8,yes,yes
0xa2917335574033a8ebb4251c8f6a6d10e3f2bd56,yes,yes
0xc2dae17ba362fc4282363f4cdbd03ba2a43257cd,yes,yes
0xc013a3b36b5655a00dcbee15ee9a6d59802fb7c3,yes,yes
0xd626547ec8f44e7075f36091e7fd898af4342ee6,yes,yes
0xed7c1848fa90e6cda4faac7f61752857461af284,yes,yes
0xf38a689712a6935a90d6955ed6b9d0fa7ce7123e,yes,yes
0x9c32185b81766a051e08de671207b34466dd1021,yes,yes
0xcf4e2ccb2806ad3cef69e0cb5376d3cbc1ff2804,yes,yes
0x5e3646a1db86993f73e6b74a57d8640b69f7e259,yes,yes
0x5f0366c9962193fa774cdce9602195593b49f23c,yes,yes
0x6c187c6c82e41bb9976ff3d0fe0794e8c48c5da5,yes,yes
0x8c0c88b15c76ea17d47e3df61a37d761b3bbb9f0,yes,yes
0x9a1fc8c0369d49f3040bf49c1490e7006657ea56,yes,yes
0x9c459eeb3fa179a40329b81c1635525e9a0ef094,yes,yes
0x96d1e9d25bd949b6811e2844aca63cb3cfce68af,yes,yes
0x945facb997494cc2570096c74b5f66a3507330a1,yes,yes
0x77648a2661687ef3b05214d824503f6717311596,yes,yes
0xd769540991c9343d53ed90f71b38f64056a7bc57,yes,yes
0xf3c384b9321abd6c0a6cbd1fddf97d4b125c6b81,yes,yes
0xefce2a7f7314dfbb01a3db3a6501d0af49419925,yes,yes
0xf955c57f9ea9dc8781965feae0b6a2ace2bad6f3,yes,yes
0xd4b2657f2efffac2a146bedad962f00682e04f4f,yes,yes
0x4f6103bad230295bacf30f914fda7d4273b7f585,yes,yes
0x48c59199da51b7e30ea200a74ea07974e62c4ba7,yes,yes
0x444dbcb15ea0d706c04dab615374a11759e07a25,yes,yes
0x2a54a157c4d3468ec71fa836f3ea55ae79ebd0f6,yes,yes
0x3e6ae87673424b1a1111e7f8180294b57be36476,yes,yes
0x19bc15849b392519a9a9131df32c00cc3497892d,yes,yes
0x1337def131dc32b6417b392b6c7047b99e702f7c,yes,yes
0x1643e812ae58766192cf7d2cf9567df2c37e9b7f,yes,yes
0x109533f9e10d4aeef6d74f1e2d59a9ed11266f27,yes,yes
0x1565616e3994353482eb032f7583469f5e0bcbec,yes,yes
0xa2f987a546d4cd1c607ee8141276876c26b72bdf,yes,yes
0xab55bf4dfbf469ebfe082b7872557d1f87692fe6,yes,yes
0xb9d7934878b5fb9610b3fe8a5e441e8fad7e293f,yes,yes
0xde97e5a2fae859ac24f70d1f251b82d6a9b77296,yes,yes
0xeccd8639ea31fafe9e9646fbf31310ec489ad1c8,yes,yes
0xbdb4d10997185ed3cbd8a56f6f65a30d58a01384,yes,yes
0x8b9720b7017f90032500452ea4d1709a7a3e740c,yes,yes
0xea2977e88938561dc633c560d0a170c91d90da95,yes,yes
0xfb9f0bac46697a87eda5a48a5232231bb0ba156f,yes,yes
0xbf45f4280cfbe7c2d2515a7d984b8c71c15e82b7,yes,yes
0x217375af2de10c73f94408c3258a956df106ba98,yes,yes
0x39283682b121cdfa38485933b676da6ba893d6b7,yes,yes
0xf479c029ed8af4a6a23248ac826812cf7cbd4d2c,yes,yes
0x43d999789559f9a352537d979d024b335bf34ba3,yes,yes
0x5d89cd6f9cf66ab82513b396a46c0c812af89b5c,yes,yes
0xc9475b6326bc9a5c4cf323927ae9818491cc528d,yes,yes
0xdb25f211ab05b1c97d595516f45794528a807ad8,yes,yes
0x4be1f1026fb4280f1ab3c35e16a38fb13c2faf4a,yes,yes
0x5982f9decc836248b2c72cf23af1ec2a64173fcc,yes,yes
0x7963aa3202d186e0da113423da0fccf879b69cb2,yes,yes
0x8e9748c70ce9155147e25f28226d3e803c5a7ef2,yes,yes
0xce41fc6412cc87b1b53b7a7d8bed2c8f8bb33c9a,yes,yes
0xd819e948b14ca6aad2b7ffd333ccdf732b129eed,yes,yes
0xea7a7bc3ba38b2569b6bee8dcd8acb4218c08716,yes,yes
0x1757f3f01fbf888c9e7c0b407654d014be4ab0ab,yes,yes
0x1e4f16c92026b96d5bb42045993657d8b39253e9,yes,yes
0x1e883b70089381cf1db87e88c45d5a92ee149e7c,yes,yes
0x275d5d1a8f887b63e7c6f6a5ca5f0b0af4826a62,yes,yes
0x3410349f1e02e3beab54b1513fc2c9d2bab6d7ac,yes,yes
0x4671740ff9744fc197df8c3fe32ea9b18b207982,yes,yes
0x4936790a58f5ae1c06210cba4eb1024fd7d535ac,yes,yes
0x4b04b829d4e6803ff7ad7c87ea3a0e453d379da7,yes,yes
0x50456eb644207302e054093d8fb9c4193755e6be,yes,yes
0x5689c65cfe5e8bf1a5f836c956dea1b3b8be00bb,yes,yes
0x578a26ed597f89a05e0e163607f42c51c5015945,yes,yes
0xa02f5f130f8112ee1a91ea43026c7895c2a5bb8f,yes,yes
0x5be38552d1714c4defe94edb66df208083a601b4,yes,yes
0x9e4cb07dfd2a121a53bee4f994d0907b1f39b03a,yes,yes
0x63c50a1fe505e9dc77bc6a75e6643099a0816f67,yes,yes
0x644e3cbc36f6b5d01c900065c732df699dcb492b,yes,yes
0xa6a7cae8fe19daa4af8f06f5c9b13db432c73e7e,yes,yes
0xcd6be2a7dde6503503579ea04026305c9cbd4d26,yes,yes
0xd98e59c710eaf3608f4dd073c2e843826f0d7e12,yes,yes
0xbedbf2d05237af8595039760d14fec731c78ac62,yes,yes
0xf7d5060c181f9ed59f619b2c945a2f7c3ee9cce2,yes,yes
0xd9d0f8f727c4607d89ab897656aaa921054ad1e3,yes,yes
0xe964a36142bbe39751d0b4d6140fc0b8c48e68be,yes,yes
0xe01da25c86fe02869e98102516209f51777a5bd9,yes,yes
0xe470198cda121da5b6ad349d3577b166e5985917,yes,yes
0xbee78bcfb956edbfef19655471b5a6ee7bcd6b71,yes,yes
0xd01d9bc57e450923b414561b355f54139cef705d,yes,yes
0xb733eb1fd233956cc689a6c082d4d0a47e3975e1,yes,yes
0x65475e604cf3016a738f8aac71cea18b0c2021b4,yes,yes
0x68a64df7458a8eb2677991e657508fe00205332d,yes,yes
0xaba8421dee292cee1e17cd5504f460ac438cc860,yes,yes
0x7a70b72db9c59f30c780c4746ce2a0562502ec2b,yes,yes
0x8bbe886294ac356c4ded8fc3e6acdd6683ac26b6,yes,yes
0x7301cfa0e1756b71869e93d4e4dca5c7d0eb0aa6,yes,yes
0x79da9ce7e3af83f5302dc89c39387089dee75e4f,yes,yes
0xc011a72400e58ecd99ee497cf89e3775d4bd732f,yes,yes
0x57ab1e02fee23774580c119740129eac7081e9d3,yes,yes
0x5811e3ce346638eaf61414c91cde7b403c3c4eb5,yes,yes
0xa474722aefabf42175d22053cedb1dc60f9a9211,yes,yes
0x86343be63c60ce182d8b5ac6a84f0722d8d61ae5,yes,yes
0x57ab1ec28d129707052df4df418d58a2d46d5f51,yes,yes
0xc011a73ee8576fb46f5e1c5751ca3b9fe0af2a6f,yes,yes
0x9c06a2e334aa11b4cc7f10b0d49a7b53a1b61ead,yes,yes
0xc6bd5ae5f9ff04f2f07b9b839950f3546cdfa59f,yes,yes
0x6b4f20b2259eebb97945b6ef549a1c44fca6cd81,yes,yes
0x3c5fe0a3922777343cbd67d3732fcdc9f2fa6f2f,yes,yes
0x051caefa90adf261b8e8200920c83778b7b176b6,yes,yes
0x76def2112b2a5668782f6754640b982683eacbcb,yes,yes
0x277e80f3e14e7fb3fc40a9d6184088e0241034bd,yes,yes
0x12115a32a19e4994c2ba4a5437c22cef5abb59c3,yes,yes
0x47211b1d1f6da45aaee06f877266e072cf8baa74,yes,yes
0x67023c56548ba15ad3542e65493311f19adfdd6d,yes,yes
0xe40e09cd6725e542001fcb900d9dfea447b529c0,yes,yes
0x2a8e1e676ec238d8a992307b495b45b3feaa5e86,yes,yes
0x2ac34f8327aced80cfc04085972ee06be72a45bb,yes,yes
0x04d3c3f23713d469ad6aa826d3ac591a70bbc5c6,yes,yes
0x5d570b759847e0c54951072a3b146d157959ed10,yes,yes
0x3a05d2394f7241e00f4ae90a1f14d9c9c48a1e9b,yes,yes
0x59706d38f1452f387563f06b632af7302456fe66,yes,yes
0x63cbd1858bd79de1a06c3c26462db360b834912d,yes,yes
0x6de77a304609472a4811a0bfd47d8682aebc29df,yes,yes
0x8584af1b39ef8c3f747da4ae67ffffcd18e82fcc,yes,yes
0x9efd60f40e35b3ca7294cc268a35d3e35101be42,yes,yes
0xb8e59ce1359d80e4834228edd6a3f560e7534438,yes,yes
0xfcbb61bcd4909bf4af708f15aaaa905e0978cafc,yes,yes
0x17a30d8eaaf1149f0f133f048041eb167597efb0,yes,yes
0x29ce32fd3507b40dd4ed72109ff15d38b77d80d1,yes,yes
0x2ac64f23d5546248f54c48f8e4bcaa94b32de708,yes,yes
0x5953eb2e1790b9a0cba6f02cc20026a688e19b16,yes,yes
0x627af3b7bb61cb5e96a1f31277eb387defe737a1,yes,yes
0xb661ef22dd089063d48efce2cf8e19917797bbfb,yes,yes
0xdf83c19a6958ce28b1cb9e1751ed05b060505cfd,yes,yes
0xdba694d5204064296247d1210dbfd2fc9b9d95a0,yes,yes
0x17bbe0c96a06ffe1dfb11522277482d04df1e7bd,yes,yes
0x235b8bcbe5c5fd14e1194471e1d802ec91c5e5cf,yes,yes
0xa446d7789f2c1daee6b9377add622a8dfe3c95ba,yes,yes
0xe0cf53f4358948adc63b32338539a119b5fa786f,yes,yes
0xe2c0b47fde7fe49c23a706afdb02c95103601bac,yes,yes
0xe3412d2751f6cfa117a4c5eb71e84aa63a5ee5ff,yes,yes
0x7a9e457991352f8fefb90ab1ce7488df7cda6ed5,yes,yes
0xec88ba505bc341cd590dced6001c29f3b267970a,yes,yes
0x0aacfbec6a24756c20d41914f2caba817c0d8521,yes,yes
0x30bb8d13047204ca2ab8f94d4c96e9dab85bac28,yes,yes
0x1cf0f3aabe4d12106b27ab44df5473974279c524,yes,yes
0x3e460895ddeea50dd67f098f1bceffb03f36a04c,yes,yes
0x3fe0359a4dcbe9c943bbc22bac0ec5565620e30c,yes,yes
0x5e9ea1989853b38dd8c55962146167b3c1e17dfd,yes,yes
0x5e6468b3048d1b5a48ca6eae3953b17fe1165ed9,yes,yes
0x5b2733c3d3acd4abaf86719365fd683408b2c0a8,yes,yes
0x8ee4f840d0f8d6734022eefe4da8e5c6681b9724,yes,yes
0x9da41f7810c2548572f4fa414d06ed9772ca9e6e,yes,yes
0x036cf3821ea246e935feef1c29ed8ddffac1dbb0,yes,yes
0x71dd9cd476c73f7c94a82e3f00a8ed29268602e1,yes,yes
0x73f16f0c0cd1a078a54894974c5c054d8dc1a3d7,yes,yes
0x663e0657202588c0eabd8bd6da67d87d52d3e851,yes,yes
0x741a00905f80adb1334e2b7294e2eb6596aa880e,yes,yes
0x913b6c7cdc4aaee92cd1efbdb6560dd04da98813,yes,yes
0x980d11ac1c26f737ca467bec2c0ed292d06a258c,yes,yes
0x6432a6f1808b6b793aa3cc5eb5de5549fc5dc54c,yes,yes
0x39313c37343224a897cae49b343cd4d3e10c25f1,yes,yes
0x39980a3d1ed5b2cdc48a2259d49d4a4a4201dd2e,yes,yes
0x2404987433ff32e32c5b0f8fb77a74a5bca44acb,yes,yes
0xbbbbbb512661e9a574a8a3e8c12afaf647e98809,yes,yes
0xdba24c1c9432ca0b9f8a51660687ebaddf912900,yes,yes
0xe438c0fffba2a81094b6623e5191866d32814c22,yes,yes
0xe595d67181d701a5356e010d9a58eb9a341f1dbd,yes,yes
0xf47dd16553a934064509c40dc5466bbfb999528b,yes,yes
0xf553e1f826f42716cdfe02bde5ee76b2a52fc7eb,yes,yes
0xbadcf640bf54d28b15235dcec5817756f247cced,yes,yes
0x1a2a1c938ce3ec39b6d47113c7955baa9dd454f2,yes,yes
0x2f7be7265250f461a36e59372bb65081a24d36d3,yes,yes
0x4e44fe174e934ff78a77bee3c2b752fd1beefdef,yes,yes
0x7e9d7a0ff725f88cc6ab3ccf714a1fea68ac160b,yes,yes
0x87a94fc3aa8902d6af104ae22dabfc72c2a4da57,yes,yes
0x3620a54ec63b98fb709f91c1f89f77842049afc3,yes,yes
0x50510e691c90ea098e3fdd23c311731bf394aafd,yes,yes
0x576773cd0b51294997ec4e4ff96c93d5e3ae9038,yes,yes
0xd05ace63789ccb35b9ce71d01e4d632a0486da4b,yes,yes
0xd55bd2c12b30075b325bc35aef0b46363b3818f8,yes,yes
0xfc6e284605ad1604b8c33066cf8265070a59fe46,yes,yes
0x0689aa2234d06ac0d04cdac874331d287afa4b43,yes,yes
0x4d22af37cdbab2fe1b4f21340bab51ef3c12ad2d,yes,yes
0x8ac850b0d2251643218cb6608ef9ba91417d0676,yes,yes
0xc7ed274d6e2a158cdbe8da8141000affa11d33e5,yes,yes
0xdc00239b1d593e2cbe6f908cba1747296c8697ae,yes,yes
0x0feccb11c5b61b3922c511d0f002c0b72d770dce,yes,yes
0x13a246e429ff8e7cf7d371133b511e601bfeb824,yes,yes
0x18e9be45b0e917b5648eb6716ece2de87474e535,yes,yes
0x93b02ee3132d10c938dd178c03a66595154f2940,yes,yes
0x33ff117b155dc6cfa4168bab4ab492487ac767bd,yes,yes
0x8564653879a18c560e7c0ea0e084c516c62f5653,yes,yes
0xc67c620074440c15683ace78c1efa38a4569969b,yes,yes
0x0de05f6447ab4d22c8827449ee4ba2d5c288379b,yes,yes
0x58b4f284fc53bbf349c5168d3f82323189b9a1c9,yes,yes
0x8f9749054390b96cca7b5a41c7215cb6745daaee,yes,yes
0x8a1201c637713eca1347d6e6e49c9f3bb719d94c,no,no
0x853c30fca1ee6709a12d48f555f0ebbd88b9d2b6,no,no
0x287368ac2c569000c92d6aa38ad9e96bc0cfb6ec,no,no
0x17a52af45955a894bc7addbff9537db44ab1f253,no,no
0x7e9fd82a1ef22d30168498912cb4fb36aeb94957,no,no
0x4956daebd5cfa23379dd61d85f2aa4fbe5e113b5,no,no
0xf1c0b41f7600c6fd7b1448946578af0fb3975448,no,no
0xdb5da2a2edd04019643aedc84d45033805a2dac2,no,no
0xa315cc9e9a7093a34bb1a56807bdf495dd223ac9,no,no
0x5dabfe3820a99b42201c77925cb39bb0877a645c,no,no
0xc5aa1da36b7414f66d96748858644c16446394f6,no,no
0x7521cd8da7cc08cad8af5dc5788c3c4ab269e2db,no,no
0x10e7bcd4dd83b6cf9f1e27e2eb50b25cf84929bd,no,no
0x104abeee614b39c7444a06fcb18ea3514c196d09,no,no
0xa7ec722dd66263e89e968f8a1d4f7d0358bfa753,no,no
0x53ba1fe9a7080c10c151e650517c42a249956190,no,no
0x3a9c754364cee8eaf6049cc9982723413576089c,no,no
0x66aedd9a8cf67319b42e8ffb6bb91ebe8a5abd8d,no,no
0x33e0bd290cea0aea1ef56be6102fdf08d8f6897e,no,no
0x6149721ba76ef1ad31b372a5f021cfe95b84638e,no,no
0x896e7b37d3dd82e55a61ef7ffd36ff1a4e6fd0ea,no,no
0x1efa98ce2c507819464b55e9e88347d6816617a2,no,no
0xd78d5616269f180bab2fcb6b140997c89ff6d0da,no,no
0x1ba138052bbf24b53227dd95582bfa49d20c72d4,no,no
0x6280bbf85a6acb4054d4616e537cc758e10fd009,no,no
0x4ef034b4a3fb698f7a4238eef348c50734db579b,no,no
0xadfff2e2b7ab981671e7808091d51c25d285fdc9,no,no
0xd6ae5f52b8dc1d17bbbfb07d11ad3287bf38d028,no,no
0x1254cfdb19078c4af077725adf9c332a8d72ab5a,no,no
0xf07c04eb4d17b040b95e409112e72ffdbab03a32,no,no
0x7e6da006f24aad2a9db14718f3b899ce0e578117,no,no
0xd2c8406429aac38cbf5f9003e8a23cfd9e288e31,no,no
0x9ee9c93af00277fcefdb0ebc90a346d151f9754a,no,no
0xbfcf76b2deb203cd8b9a9de2e77f1dca447b5a6d,no,no
0x4062ab5acfaad93b258f1a810d95f8b189f7a2de,no,no
0x3906cc2d1c809431a54b5ce559c274a90886e61c,no,no
0xa557592ff9acd092187fe20a13a07e1183c7910b,no,no
0xf2ac1d6bec17019e875ce672aeae6ee741902b23,no,no
0x75a4e14ea047b6dd06b287030465e60b05486ab2,no,no
0x689a9020385c4c3c8b5f7f113e6df4b5b7cc7bbe,no,no
0x114416c749ea1491278a343b94bcb184b8719c75,no,no
0x8bc3df5268c047bb1a4299453b48cdcc98d556f6,no,no
0x153b636ed1b49fc237a4a74e060c5f2f39f712de,no,no
0x9a2e09e9ae4de6e42d70eaa8f2023efd37c5c408,no,no
0x36333c2eea4a681b5690d6f7ced37287f26be7d0,no,no
0xd83a52d37a0ea6e654d7b6a366ef630ddd421f1b,no,no
0xbcaa429bd55258a8fcb76a7fb9279752a325f368,no,no
0x24820cc38e2b72c55e277c10136e744a3fe38b8f,no,no
0xba29041341f3069a81371ae6fdf0644e9a9b5538,no,no
0xf6fa73096c1612364c30686ba9d5c57216044a1a,no,no
0x614352bcba3d43233de52522d8a0a81d54ed553d,no,no
0x0a526dd0262773e856f0567889476239dc52ebdc,no,no
0x6a15e8e4cea84e65706abb2f95cf573f410fbb3a,no,no
0x075865083da111ce54151aefaa96dfc8f1dfda29,no,no
0x825085897d3d551a74ae644a3c8cdc8e9a1d9ecf,no,no
0x1690a3247460627960989a12f9ab62b00524a73b,no,no
0x832d750e4553caa35fb58aa59b68df2795512178,no,no
0x9fcbeccd0ffa7f61825b939e96c42712528de81b,no,no
0xcba06bb7d0cefe5ecf2f3604214c8aee0916b631,no,no
0x5a136533b312cb09386e6ca3abfabd03c35c7ccb,no,no
0x1ad3e14d0484b954c7c51a605e07816c0827a3ad,no,no
0xc7725af601bd270da02c7acf984136884542944a,no,no
0xbfe844fc5e02d83c413388f82b9687f1a35a929b,no,no
0xf3997d2d12640a8c0c7b46edf4bc5379ba539bf8,no,no
0xe7ae2f9331e95210330e73e776b16d525b933aed,no,no
0x107ec9b79fca90e841fdcc09930d48a9707f6daf,no,no
0x6beb38ff5a59ac86fa1dc5987672b3940831f5a2,no,no
0xce98fb1d64bd775906cf1feb70cec222b245f0a7,no,no
0xd28781fe7bac3fd957c64fe406dadad7ef111c27,no,no
0x65b6cee60f55995f89638da1a03a396de912764c,no,no
0x01980a8dbb2a5a530898aa1a66acde90e407235a,no,no
0x44355af07e41f0b23c3383e1656817bf7745e866,no,no
0x9161be0c889a6a486b28a61a9fd71f962b403536,no,no
0x67c47234e95fce3a5a1cf689d6cce191fed0bf92,no,no
0x91b4832f58a77a9065d68cc58edbae0c37ab5477,no,no
0xc57c5498bb61b9cf767916e2ae732c1671ea7668,no,no
0x6b924d4ece969f3cac90087c096df4c5d02b701b,no,no
0x06f15455eb0a813e7c91c4fbc13444270ebc65b5,no,no
0x404edf16be4378f9788e9d6a8d0b828e4329756d,no,no
0x04c50484c06e8d9420c069b09b5cbca65aa780cf,no,no
0x16edbdec5d60ec1df29635139b7bd9c8929c01c3,no,no
0x568feba5ff7d72ba4b043bc5e9a2faa3902d969e,no,no
0x9766f43459387b88379ed1ac2b537c2899f4999d,no,no
0x804776717c860665b24f71e7f36b14395e66ab23,no,no
0x2d32705504e6baddf3cfe13409a07b60a320a48d,no,no
0xf22d17bc671558700260c64ee3d552fc4f2ef098,no,no
0xbe7219f3c98557aef999fb1db4f8fff1e1ea1af6,no,no
0x6b93536314be04b84378aea8541367ee7425024c,no,no
0xe6a75de3711d47047de831fa06905fb4b8ee7590,no,no
0x1d7dd003654da1542372288dcb4487f93013f9a2,no,no
0x081db5e84577bf7b122c93d1347a21a187b1fd41,no,no
0xf227526d576fc2159b9a715a165073ec51ffabd9,no,no
0x5fe6c7b95d9d91dc2364f4e0fae35fe74a9c976d,no,no
0xc5fe291f37a7c51da8e396c937e825d5c7d09723,no,no
0x55485dfe9c35eb8f5bb9ed9d3e002049917590ec,no,no
0xcbf823178bf525fd5d02c22ab3db6283f6e846b7,no,no
0xa1639fe64f2aef45a23ef9e5d36f4fd0610e08df,no,no
0xa3578347c80d495f083853ce6b3d4d0037baf355,no,no
0xce95a01d4e8ccbe92af03b9889b2a0b94ca1224d,no,no
0xe647043d7c4f70b52cd39091b2def4efdc1e6540,no,no
0x0b014917837ec6ca91a4672ea56d39352d8dbec3,no,no
0x01ade83a7ac7d13ab01f322d68bc2f8fe371ed27,no,no
0xc46fca825bbbe3ba9bbf649b5906ceee2840d96d,no,no
0xa1d99971da15256b87690d0fdffe3c09b9d3881f,no,no
0x9e08113973b833b0adcbe68b5759de6975e26654,no,no
0x76a154f344e0e14aa8b4932eaa27e6da573d389d,no,no
0xbf473fab41ce26a92ee088279e1cf33cda13e345,no,no
0x4dfba5747947f053b9b7c18cd20d125d7ee19308,no,no
0x91bc6092933f8b490fd112e87f85b6855c195ced,no,no
0xf6fd5a146814fc1bb5886b08511ce29122435d97,no,no
0xf4a33cf7b1e4beb53e0bb854676f29cdd19b8282,no,no
0xaf36faf866b0cf9f0724e8e2b2a14d889df11477,no,no
0x510a30c8be03be7e3970197235760fbb27cc5388,no,no
0x1d239de1ec3d21586d2275ced91e3ddc06b57e29,no,no
0x065531af5be633308558280b29fc2b78e3156c7d,no,no
0x59b1ca528bd9a5bb545c8a123b28ac4d88ce0ac1,no,no
0xac8706565ae9837363874fec3c861b50e936162f,no,no
0xff29d3e552155180809ea3a877408a4620058086,no,no
0x980e79a7af177d98db557cf7bd82f64f089b291d,no,no
0xf8d3cf5326f7d7204799516e208b3d5d6414a2a4,no,no
0x49e6b314c520dd2b44ba78c852288f18f0268b31,no,no
0x5456307590b570f19560d74cec4aa9d47d889f0f,no,no
0x9583ba99d7a54441d9389d7cba9975808bc60bb3,no,no
0x5cd5548a62befac204f7e4a288c31901f299fee2,no,no
0xd1e81bdd5159adc77ecbf57394297af197637acd,no,no
0xaf14fbd363bf04c48c6976b8d77f243a5d1af666,no,no
0x5910b489a22423d4a128a640241e40c73bc022eb,no,no
0x1c32136ca891207d59eb61ad5db6905cbba5ce83,no,no
0xdcea48eed8005b4e8feb3bf39e28ead7b0f4afba,no,no
0xbb20d49334e85933af8d2b30e187f51117969220,no,no
0x3951e060fde53eaa51fb862a894aa4c09d0899bb,no,no
0xc9cd7d527d4de14cd60087275d32a722eb91e2d9,no,no
0x96e1e1dfb8f81b961576361fd732577600a39ca5,no,no
0xa30d4744da6d3243ff1c32c6228355d210187910,no,no
0xe3e425ba29209897ce53a89767e2410169ba7235,no,no
0xb4decaf2e6df4d4589ed6b37ba707a16ec312e2b,no,no
0x8603928a9ac8431b5099a44a222d27ae3db30758,no,no
0xfdeba85cba8f625275ccdcfb8db7875bccedb6ad,no,no
0x05fbcb566288a4162b1300849cfd81a8fbb0e810,no,no
0x4de77323f7928f1cb869fe22e82efc7dda9fd071,no,no
0x63ed7883fad1d76de22be601ca2711e1a9834bca,no,no
0x4ef3a2f12d3d882ca80be55012393d04627e0008,no,no
0x116743eb0b590a32cc2107aba57d889a8b09d630,no,no
0xf359a337ffb6ba4baade8eacc2a1c72022715fc8,no,no
0x3fab33e06942f87e4fa7e014369d07471199af24,no,no
0x9c1b4336cbffd1863e4b1bf6140c13a505b7ee26,no,no
0xe173383cd20b974998750a517cb2feb3075e9aa4,no,no
0x000000314502312189002200945a0094168ed0d1,no,no
0xb5663c9068a7894fab7a4f60a297eb4a9bcaea6b,no,no
0xca19c0f65f0e62620a2244ac1b7c310b697bdb32,no,no
0xd02282878fd49bfd6cbc49be08b29128c5c34292,no,no
0x8650a4615819585fc199f2aa07871a962e6c8e0c,no,no
0xdfd41721c249957427f3f2fd66c8fde36eb1aa49,no,no
0xe1af89bd948cd2fb82bd3ef4f7cb59bbd332736c,no,no
0x399a8d940bb19bba3623e50dbfcbb1ad2a41ea44,no,no
0x1c964722cc10536d18bc4eeb02fcfb7bf5daa6aa,no,no
0x0e3625937352be734b458b751d05832c98308ea5,no,no
0x2dc42d00f7895a414a290169d1443e972336d087,no,no
0x7737b58b8984a650f9ad2f4aa39e7da8e25f3aed,no,no
0xfa09397252327178c2736b976ee3c5b4cbfd584a,no,no
0x50be9adf43827976b6720f39d03f5f68cfbe71e3,no,no
0xc21ed93443e43daf223df01999367bafce7da6d9,no,no
0x581b90ebbd0dd4023ca4ad6a6877a0ae9c16331a,no,no
0xf5eccbd20eb88d9112a798016f763c4f0e788177,no,no
0x690508fcbec72a4af70cc0f023b7d510dfba2ef7,no,no
0xf21ac25682915d9d8e5aa727de059ff6d5990d95,no,no
0xeb0f6b236eff997eabdc185b2d6b139e9f2abc10,no,no
0xcacab0f1f5dfdf997ac43514b3f3784005f97628,no,no
0xbd7f25054c379b14f9fa66dd0e1f5db10ae43a57,no,no
0x50a43f36de45d2f8d0c92a561122970f4442bfce,no,no
0x06b09547f1786d6e8279118962e9f46965a31a67,no,no
0xf43fc97691fa06a6937309fde3153de54b57b677,no,no
0xd51b38ad0e261f684d29418f6bc3ceb1d7e8d95b,no,no
0xcd52b70ce38f218f8080e8eae629ea9cfcbe8dc3,no,no
0x0b71a1092fd3c3bb007f3bec4002c8e32df7b687,no,no
0xc6c61e07c0b285f8e577a9ba1242e52b6c62f50f,no,no
0x05c2e9e6021fd449760835abeb240fc3547b2ebf,no,no
0x8b93145dd8a86987b848e909a58d82ff7012131e,no,no
0xfe3f471f4fba1ed4b083dda5f6dcdb2b659bed22,no,no
0xb442c374d93dadb7294c9ca2151b553ad09b47e6,no,no
0x1f2f6e3fb0b1945e348db66ed6c93afa76e2ad24,no,no
0xf95a2651dd310a3fcd0dbd2b099ab3ca72283ed7,no,no
0x698ca864821b5ac36a34fdd8572f54e4f936ea83,no,no
0x65cdb43398a57de23724ee5fb88f4fcb7ce72cf3,no,no
0x5bf2912be0126356a1a4402d085c9b74b47537d5,no,no
0x18a79d6774ed39fe80adf585db610961b8fba0c9,no,no
0x75d29d25501a2363b54c24190132ec79373a07c8,no,no
0x7fff963a825dd6955c8f3a970e9c0788c1ad6ee8,no,no
0x4b2f24b76bff525ef3347168f6c4772b0ca5f952,no,no
0xeae2c3f599eb7efc51df9f17d12e0da9603b4779,no,no
0x54ccbecdbfcdc9ffe646ed31586ee4e093eed461,no,no
0x59813402f63d11ffab6a5d4e053d2baa302ea7ed,no,no
0xe7ce3199897787a9b845f40602fd8321ab91cd33,no,no
0x815c9225e1d163ee7e5b3ebe495dfad72d04fd08,no,no
0x90dddb33874af56eff68059e766696b4002376e1,no,no
0x8ddf7c873951571853d61ed079aaf1153233b2a8,no,no
0x2d9c994077425cfe25526039ffc07aa9a9966434,no,no
0x1d82975fec64bac6d8483dd9a19aba8586b0fe19,no,no
0xa5bb9ee252978a7a9a96853f81f084747e2aadd4,no,no
0x3d78b07dca82ed81a2fd9c24b78efdbc3ac7c565,no,no
0xfa1ba70426a2f4b83f9b806dcda690a19e0b58cc,no,no
0xdc0b216725d08ee75be6798386bb50b02907d209,no,no
0x047f29528876f967b4d0ddf5826cabfafbffea39,no,no
0xe1e35af63cf605af015d325b05742ee711455e86,no,no
0xd94ccefa2474257ee3a902b8abffb0a48731d354,no,no
0x3af092be3a1b7d21ccdff48ac7aa1ea554ef47f4,no,no
0x4118fbebdba166d5ce4b5dab3f86daf9b280ef11,no,no
0x621bda11b2e36c50670bbd43e883393ca76b69dd,no,no
0xa2ff761f810c8e108f56ad60752e4637fa5f0455,no,no
0x8c76f61fad3b6327e9fdaf2d555629a71886f3e9,no,no
0xcf0ad7a2118c661912e3fe0974a3ffed0fca32cb,no,no
0x4f96e82d5de03ca8c2bc8ab76235b583af4776c4,no,no
0x4989b8c2265d23c951d8a92f0b844d8cbdf63ded,no,no
0x9dc0a8739d60e7c01fb19b0f6f13ec69eb985372,no,no
0xde615cfa18414a85500e3899e77333463a0449d2,no,no
0xa3d899d4e2c798ed1bc743eb0830fb91973dff62,no,no
0x767bf256e23f8ae53f97368a711f51d8f3b7369d,no,no
0xa578dc4efdb3de4b279a424ced12d39ba5e4277c,no,no
0xace4d4fae91ef7948e7d897b378cf0f668e7e20f,no,no
0xe1688c3162c121ee10e941bbea9ceaceaf47580e,no,no
0x1cf68b6dce26a7bda34b11ee8e1f4e15abc80c36,no,no
0x73caafc89410a2eb87155581387b6a40ccc5878e,no,no
0xeb23813e1088109a0e79b38bf0a526c96a3fb17d,no,no
0xcdd06bf65909ffb4cd13ec62735ba653f93dd76f,no,no
0xbd58dbea40074cdae609e59026a42c02db56cd79,no,no
0xfaa45459105afeaeaa92690feb31e44e63bef816,no,no
0x7562eee618a575740c1ad723cfaeffe5db216e57,no,no
0x8e207d5dbab1b9969801ea514fdc42e476be5501,no,no
0xa44f89cbb2053c5f6f2c238294bdc262e9a8fb2e,no,no
0x48acb946bb4a17fa7ac1107b3aab04c776962a15,no,no
0xe18c031c11c56f82109eece5a655b958201a1aeb,no,no
0xba9e44400f50bc9a9ba1b9dadddcec41d3845b57,no,no
0xc80606e23fcd11c347893b0b9d9d29739068887d,no,no
0x0b0a9689be20bd0c0ca70f8c863997c8030e7bf5,no,no
0x6411693ef222e1bbb04c2ba38b7cbd095545c9d6,no,no
0x6ae4ace745da39e51bc05021bb7612e51302289c,no,no
0x02f504da04be24982d00d7edab5546a9989bff6e,no,no
0x6fce93d9359fce79bef7f6811a227c52355e1347,no,no
0x3a20e7509d410757fe269d52100138bd1900dcca,no,no
0x127fcbce4ab208556c7f772a9853f7380be2885d,no,no
0x8a7b5eb529c91613ca1402428d34622b10a98662,no,no
0x2aaddea0f7a7f4baf58bf114c5890e48ac1ac9b9,no,no
0x3f3a59c974f0894bc5a71bdc7d9b1a3fb62e839a,no,no
0xc26151e831e2bbc26ec9de49375b76622efc2ffd,no,no
0xdc27fac895890565fa2c2b82b89981077513a157,no,no
0xd2135bf9c281e6cc49e01c862b3f500e609ff9b9,no,no
0x671410898c0934c99b9be181dab3cfe099eafc6c,no,no
0x46b0a2fcb7a2c0c06a759c6f95587a5f512c0787,no,no
0xb851ae17d27d91683af5532369a58e9a4c55505e,no,no
0x78692d74aa84b14d92e0dd9b10f0667be82e8f12,no,no
0xece55aa42eaa8749b0c10282bf2c0a5696ca43d1,no,no
0xcfe71d62f881219c1406dc07f5fa3a55d303604d,no,no
0xa1f99bb516d0b9c07e2e9c13425e62678624c082,no,no
0xdb91f0b0ccef1a3c442f7eac1d3b2b47f628e7c2,no,no
0x7d57fbc641d88c4850510249a6301ace092f6c54,no,no
0xa65fde992b214dbe4d4317e50fc7ec906d6bf088,no,no
0x142e98df2bd5de7ffe21434176064cafb478852b,no,no
0x2a2a9a5fb52d954573b799b98420e968bad2c7f1,no,no
0x25056e375ef77c1813ba0e5e0b4160380fa4fbfc,no,no
0xc4df7fb698f9fd705323dc6615735bf4eeec577d,no,no
0x855976cfae4688dfaafa75c4b76a839e5080999a,no,no
0x2ded7316ca609bd53c57819162edb286195480d6,no,no
0x2c68534ffbc8afa5c7315cf9e751ea35a9612abd,no,no
0x5f1beb08a9a849f475cada5fa5e60b51c5033aa8,no,no
0x49f83738c88e42406c902e5752f6e9ff642eb930,no,no
0x9acfb8dc2625b0913ff94d4ee379ef2e41eda8bf,no,no
0x6883b6ab635f1f56aef37ba5d8bd67ecb833493d,no,no
0x5afebd73867025639cea9fa8a8891c6046520756,no,no
0x52f9e28bd2a7bc234828c81087412546a1c2d573,no,no
0x6ad73f4768e2358ffdd521219ef0de0b1526daf6,no,no
0x262fa5d1ac9d7180c754ac329b0ea0a5543c592d,no,no
0x46c7f61637708d60ec2b0183e6bd0e05338c4f39,no,no
0xdc0efb090f84d844d6ba4b0a17be12d1aa2ae1ab,no,no
0xca417fa8e8596562e60c9a665a4512ab80fafa0b,no,no
0x075d029ab31aa61b69b2f1500f6de67f0d37f54f,no,no
0x59f999c982ffbd90a94b92438dadd2f8d9c1b7f0,no,no
0xdf7f054b4570c2d2aaeb1ecd15b318c31372f895,no,no
0x5d32b7b588b5d938566f57f37aab5efc1ae25171,no,no
0x4491ae7dbc1313a7c5e842f87d0447c89bd7809e,no,no
0x4d122eff06caca67a095bfae915a7196ab2e4651,no,no
0x1e7f1c42488ab2565612a7bc1e320c5040924d39,no,no
0x1045120994c15cbe9b1ab70f95ff7e773697db62,no,no
0x4d31046d61ecfc6fbd13ccf9c97ae8e41edfdd73,no,no
0x9bfc028c2c14325be427bc7a89bb6b4be82b75ce,no,no
0xf83b64d2ebabf8c2e323c3b962de1c7c6a8fe871,no,no
0xb958031bf623d0dc757fc4266342c76c835eac90,no,no
0x76c827156395f803941afadea56fb3941a013b36,no,no
0xd01f6019834d52c09ea4f672eeb2e7dd2e832c3c,no,no
0x675f1cc9574a756cadc3c88a46b2b39bf453ba84,no,no
0x664b087089f9562d2f307cc9f6ee02462ca24e4c,no,no
0xc4e69c829f0f06395677d05ed29b9acd4662055b,no,no
0xf3148a2c2d241895708f4348afa0e6a2cacba230,no,no
0xdcdff1f1d75bbd5a09ad25d2e33a2db2776b7b6e,no,no
0x8bdc91f3b18219267abcb35c56f9c73a610f4dc8,no,no
0x87c77f0b2a102de6361632506592e6bdd0c3c16a,no,no
0x11d7ecc9e52ada31f3da4d050da8a45a35a809b9,no,no
0xbf6ada79de1f5054c4f23b1dbdca78c127da4747,no,no
0xfafba00d119577cb97080062fe5d839863119bc5,no,no
0x36c8ce0feed7d1277a6b0dd3303f61c8b4022b87,no,no
0xeebd6ba61eed46dd1ff1779b3b28db99367fae46,no,no
0xf437ff55936756708cb6868a2ecc5cd75d2fef15,no,no
0x23389fb3916c14cd6452f08fa010a5271ade5a65,no,no
0xb367847eceeb570efb5d5d05badc251634998948,no,no
0xe0cdcf93d9093dd5caf322d77d76fbc05dc30fa3,no,no
0x5f4f48d78bf8dc582762a2ced9f9fab605f28f67,no,no
0x3eb9509aa2a609bc44934710035a47664ad9a072,no,no
0x89cbee12ad6c584e8ec29dab10c8f0afff0ba2d4,no,no
0x4f71ef7643136cbd2832f87c8bd33ae02d8baba7,no,no
0xa5e7015321ca458ad292e8df11f7f35a0edf899f,no,no
0x8ca370307b1acc5153c4589d4c870b412bfe1db9,no,no
0xb07b2de1108df13b3147489915a2d67510c75e15,no,no
0x11f454a7aedde4b8ff0bb787bda540733a6525e0,no,no
0x8998c94c7ec8fdabb69c154df75c0f3abb4115c5,no,no
0x9c39602880c4bcb2895795d736979a02f4cf851b,no,no
0xfacc3a04ac1fbb4cfefc288d15b3ceabe472b3cf,no,no
0x7052d2d8f92b14f3da7e35a1747d0a2f2a732707,no,no
0xd11660b9169aec552d4783e2ae09c2994b0e6a3c,no,no
0xe02094f93e8d3e3a44d9fadd03b05e2f9d2a7db7,no,no
0xf8937b309c277ea18b4d791404a5b08f97f79eed,no,no
0x9a73eaff270742a9441af6201899c3af2f91cf1a,no,no
0x648385845afa368fe9bbf68f3db07ee39b58d604,no,no
0xe776e12432193e855aa0c4b038469e444d7c6cae,no,no
0xcdd5a9d6a35c48bc7caacb30edbbefbba81cfd9a,no,no
0x7f610b7efe96bb25656505f6b9df15bbce263ddd,no,no
0xde10a89db6e7e806a50332d97eafa21ee2d56bea,no,no
0x76a295bd0407d2558bf8801a34790f30f77cc183,no,no
0x50d29272c16862ef9a52ac8a2657a8db1f0e66ed,no,no
0x44334e5ba044ce343aac6ee8d8bd7c5ef8090882,no,no
0x2b496449bcc445dbe7eb4de8098491f5aaa58242,no,no
0xf531de4949f0d9c6e53cc3fd372fc246aed296a9,no,no
0x18a503e8e6b62d0501fe672a6dd2acae1de6401c,no,no
0x18e7ee9cfea2e7dd49fab281d40302cb082e1dfb,no,no
0xdd983aa1a43db305ae34dac30f9c4620de4eadcd,no,no
0x1549a962358721577c5344dd50ede19a2693a78c,no,no
0x797111b15f63e0ed99df3c39c0eb1a09647e2816,no,no
0x665d6a8cf1915a261d0a41a81308fa9f7fe8c3e6,no,no
0xbda08d249738b8549d0fc39e5fb094bd36b9d4d8,no,no
0x06859afed626bf5ffeb5cb3ddbba68e65ff79bce,no,no
0xe893721c9696294ab4bb8d77de9a3eb6e2e83523,no,no
0xdcb2f9b1e919c150572a7384322c0e66ab05a3fa,no,no
0xdb786e910e35d37c79519aa3c3817b7d5b9c5c7b,no,no
0x484e88544d6ac2c1fe82020148e450665c2b4d69,no,no
0x3ffe706df428ba1188e39b05b07b1d7a76e5f2ca,no,no
0x96e5ac113815e00accb0830b30d3659cc7a032e9,no,no
0x0f8ba906200f43c3628dc7678ee227ed12c9d48c,no,no
0x0ba1096ab59d5c719cbff4806320f5eda955226d,no,no
0x501467d97327e21af8ebeb06f63d6f0a082538b0,no,no
0x4a90b63d7906e3354351b4338cf078e1d09f8730,no,no
0xf67c23718b696cdcbab230390ad5d2c63c271445,no,no
0xf55b710490dff590340d2c9fac29af37b0d6394a,no,no
0xe21b7bf2cb39ab48868bfd3634f73f8258e99cc9,no,no
0x05f9d6926b9a6326d26e8f145091d20a53c8c5f0,no,no
0x7f5b1968fc8719de733b4dd93d95b5d58be73273,no,no
0x64030f6ef7fc8fa7a92dc7a119175e89eedaff68,no,no
0xa1f350d11ef0e1bef5410b86aec0d2c728bbaff8,no,no
0x8897505248a5d5b419210708d85a44363f287656,no,no
0x7f8a4a3bfc51186fbf2a979cc0ee00e63a277ac9,no,no
0x08e9ba50912391127b18da985737cb6e73ecbb00,no,no
0x99f7acf434ebe93d9f8e1f08b5461615104ccb32,no,no
0x6b91fa08dfc76365bb5b3c63c0d253fb2a112760,no,no
0x116160538dfd7506972c432c85d6f1fe6798c827,no,no
0x222c4c84a078f440b2d834ca79b2240214c7e35d,no,no
0x42e87e9fe1528ac1e04834a0271717c5605dac1f,no,no
0x1fd7ebeda2cd042017a79bf76cebdd16bac2ed66,no,no
0xc941fac904f2124cbb84c6a5d0544a22cf6c1cee,no,no
0x9423a8eba5b5e414cdb2b420ed9004ea2212dcae,no,no
0x0e303bd7ebcf604e278af905024806f1dda133ca,no,no
0x7fabf28d8dafcc68086d80a567c3497f355d7c17,no,no
0x6c2a03c37eaf4f69cdbc965f563cc4584f417a58,no,no
0x2b89448b71cd172eff440c98284b0a9948707f36,no,no
0xf2b2ab73b3d54b7073db0fb4f93f22abd24435c0,no,no
0x49fbc6bccfb5d3f7ac4f9822e8744dfb142a6ff9,no,no
0x7e8c9452387c357f396e2329b4e0745ae1c8da4b,no,no
0x8655de2087af1efb08be60aec6279a5b33aa26f6,no,no
0x94a8193a5d8a3e995decb1057f2ce3b6403d8aba,no,no
0xd8c37ca4fc3fa8911ecde2e22d4a6f44f56ece29,no,no
0x4c464b22b1fd55aead438456e095825bb92f6c5e,no,no
0x151c9596ab1d59605c128511f4e0a594da515637,no,no
0xae65275ee3b99204c9d2261aa841d528f7ee884f,no,no
0x6c896850a5954a88f73ce33c2b04b6e5ae6edc62,no,no
0xc1d6bf2c4e5b56c36dcef5c0e35d740ae268089f,no,no
0xd02e395139bef02d375ab6407f45c85a5459717e,no,no
0x3370753b32c50d497091baeb6ffaa4a657bac219,no,no
0x11e69bf4b7fc90063c8375e0a7db1bdad716e6e1,no,no
0xa5f8ba7d5315db554d5e08626bebd5c5266f4512,no,no
0xbad9c4f2ffbcecf8867716d5acbabb77892d9cb0,no,no
0x569e3d4749143bf5ff9dc5094f1d1b6a5ad1f254,no,no
0xb3cdbe861b1d628724b8ae79b42f527f27015fab,no,no
0xf9e4a293643112f2ba6ac7ca0cfb26520d98bfd4,no,no
0x8007d470b59f048775792c5919fd8f3e155257ec,no,no
0xfafb7d710c93060d842abcad2be9347e80ef790b,no,no
0x6eafb6dd28e3176c6fad4eb3699a625bb5f68c40,no,no
0x90a1116b1be8d1168c61f139aadf17d7f70b2634,no,no
0x4c233add9ab0451ad7fd09a1a4413dc321012e94,no,no
0xb16353287d5b1bd70b738f1a65b0d7f993948cba,no,no
0x32c3ef911e6d54e5f9bdaa31402a90529871c95d,no,no
0xea0c56668f3aca856d1b00e3156c883305045384,no,no
0x865be819c5cd05952b3ba55284078edeb9b75014,no,no
0xa5aae3f83db9828abb787a69c174ee84d27838e7,no,no
0x517f26d5064b20ff28bd9f33fbe2f3dbb1b6301c,no,no
0x59ebe3286bf3acd34d12dab5b2911759722e5489,no,no
0x3ebdcddf3e506f0df1c1af0e5d3b7659d67e2cad,no,no
0x9c82c58aa5fe67c2634551a5fde55128daf527da,no,no
0xb338e13f38024ce3297594223ff6aeafd0a8b287,no,no
0xf0a64d50214b86492392ce80b0ace16251de3420,no,no
0xb3dc4f6b0d702db917699f04a6ac9a760de58aa9,no,no
0x29d49dbb8d5f0426641eab7fdcbb714ad9a50256,no,no
0xac957e8f9609c3c331c53a61f77585ad10989e42,no,no
0x175a94961085ac6823aa568279ce097a39a9a8a5,no,no
0xf7df2ff2f2b70a6335de3acfc0b8bfde0725d155,no,no
0x8006abb02e29057f967e00c2ea6b1003ea404a23,no,no
0x468f9cd34e764604aa927ad02ba86a8026f12385,no,no
0x48b8d90b239c1c8f74f52f7b09ca902b6d1d88fa,no,no
0x1a69893a37931c4b3198cdf52fc9d1345cf78bd0,no,no
0x3e8f5d597b2205d6d84937bbf90d81709f4a9534,no,no
0xde2945e3e8bc919bf1b761ed5b86962d347ddfd4,no,no
0xdc71b1c8d309278e2312a7a8aadb66486d8ffe00,no,no
0x1b8eff1afc1e894602f47291aa2472301a168d17,no,no
0xb6aa7055e9e9108ec4075379a68d8b6c74bd8051,no,no
0x9ddd0398e4fa25cc7ad427ef210baeb517f0137d,no,no
0x69cc358dc01f7ebd3a1a43a9cea875a72b501195,no,no
0x579cf6c6253760e6f33d830fc0529c5f1c28b37d,no,no
0xaf8aaf1fb3270bf779ba2d9321c9c981364a25a1,no,no
0x21bb155e0108cccd56437f56204040f4b9eb18db,no,no
0xdd258bd700ece65383fb8d1569f23e77f0759bbf,no,no
0x940bcf85ed9a0e185ed4d38e5245c569f390ace7,no,no
0x69ddcc6f5247336f0715cb5abd5b9a382499f776,no,no
0xb270c6d31da88644fbb4a1186df6dccc47882d80,no,no
0xa5baf6b05cb338f6af2692a1a5fee41c4e0ce236,no,no
0xdc6cdd9127fde0e1352a36c686208ad5561fe91e,no,no
0x61ca5178d03677feb918149c1a09c08f62bd2e45,no,no
0x58df1db39f1b545aa1aeab738318c28119ad9e11,no,no
0x505f32492ad15d831ff35f4607c6a8a7a06d4217,no,no
0xbe951e308d901d6152d6a6a169f2263cff066099,no,no
0x623e3d4180a7b815d29bd1ba7ca58e7440b6459e,no,no
0x782ab29f2f8dc81bfb2281702fdb62fc9800399c,no,no
0xa179bad43f1e5d199166f01ebcc750f3410358d9,no,no
0x70838e482e404010a4d810dfe2a8128f0b39fce8,no,no
0x35e22f7dc0d27c46efbd9012cd005309c6a40d94,no,no
0x596c409ec73300f02942745daf43169dec0e9178,no,no
0x4f6e41ea54606406f3d0173cc8a3fe80193405e4,no,no
0xa575d712054da9f802ab0e3621245a9354cdde9d,no,no
0x058edccd976c5d6a0f1af4ed17e33b12e1284f62,no,no
0xd87ea38d4f799d711eb14b76f7012ae271048a74,no,no
0x6ec49902e2b6027f879a486d517730c12582eaa8,no,no
0x70bf9c7866a22fb0d979362cb318b185551dcbcc,no,no
0xc6fc8fe73dc6c94cb09e14a43d277234b79e1f62,no,no
0x3fdae23840e447f5b899500e9e14d20064decb45,no,no
0xe82cede7f8d5cf06c26975b14ba15a932e961bfe,no,no
0x8144229c64cd669da776215570da133f76d27b2b,no,no
0xec69bb4672e8eae65dc3c7783313775e56ad0001,no,no
0x602e2e10deb73c8eea252104142c0ecff7168f38,no,no